1101690;ProntoGoods;true
1101695;ProntoGoods;true
1128762;ProntoGoods;true
2116266;ProntoGoods;true
2116274;ProntoGoods;true
2116275;ProntoGoods;true
2116277;ProntoGoods;true
2116279;ProntoGoods;true
2116282;ProntoGoods;true
2116283;ProntoGoods;true
2217258;CustomRetail;true
2222485;CustomRetail;true
3092788;CustomRetail;true
3318057;CustomRetail;true
3592865;CustomRetail;true
3626881;CustomRetail;true
3715400;CustomRetail;true
3755201;CustomRetail;true
3755204;CustomRetail;true
3755205;CustomRetail;true